{
  "timestamp": 1766430736,
  "fail_ratio": 0.0,
  "total_rps": 5.05662810094305,
  "requests": [
    {
      "name": "GET static asset",
      "method": "GET",
      "num_requests": 1521,
      "num_failures": 0,
      "avg_response_time_ms": 1579.7281737015014,
      "p95_ms": 5100.0,
      "p99_ms": 9900.0,
      "rps": 5.05662810094305
    }
  ]
}