{
  "timestamp": 1766213383,
  "fail_ratio": 0.0,
  "total_rps": 5.394165924332033,
  "requests": [
    {
      "name": "GET static asset",
      "method": "GET",
      "num_requests": 1571,
      "num_failures": 0,
      "avg_response_time_ms": 713.3283314451951,
      "p95_ms": 3100.0,
      "p99_ms": 6900.0,
      "rps": 5.394165924332033
    }
  ]
}